{
	"schemaVersion": 1,
	"id": "grunglecraft",
	"version": "${version}",
	"name": "Grunglecraft",
	"description": "Grunglecraft.",
	"authors": [
		"Mosus"
	],
	"contact": {
		"homepage": "https://fabricmc.net/",
		"sources": "https://github.com/FabricMC/fabric-example-mod"
	},
	"license": "MIT",
	"icon": "assets/grunglecraft/icon.png",
	"environment": "*",
	"entrypoints": {
		"main": [
			"net.mosus.grunglecraft.Grunglecraft"
		],
		"client": [
			"net.mosus.grunglecraft.GrunglecraftClient"
		],
		"fabric-datagen": [
			"net.mosus.grunglecraft.GrunglecraftDataGenerator"
		]
	},
	"mixins": [
		"grunglecraft.mixins.json"
	],
	"depends": {
		"fabricloader": ">=0.15.11",
		"minecraft": "~1.20.5",
		"java": ">=21",
		"fabric-api": "*"
	},
	"suggests": {
		"another-mod": "*"
	}
}